{
  "appId": "com.hairywallet.desktop",
  "productName": "HairyWallet",
  "copyright": "Copyright © 2024 HairyWallet",
  "directories": {
    "output": "release",
    "buildResources": "build"
  },
  "files": [
    "dist/**/*",
    "electron/**/*",
    "package.json"
  ],
  "extraMetadata": {
    "main": "electron/main.js"
  },
  "win": {
    "target": [
      {
        "target": "nsis",
        "arch": ["x64", "ia32"]
      },
      {
        "target": "portable",
        "arch": ["x64"]
      }
    ],
    "icon": "build/icon.ico",
    "artifactName": "${productName}-Setup-${version}.${ext}",
    "publisherName": "HairyWallet",
    "verifyUpdateCodeSignature": false
  },
  "nsis": {
    "oneClick": false,
    "allowToChangeInstallationDirectory": true,
    "allowElevation": true,
    "installerIcon": "build/icon.ico",
    "uninstallerIcon": "build/icon.ico",
    "installerHeaderIcon": "build/icon.ico",
    "createDesktopShortcut": true,
    "createStartMenuShortcut": true,
    "shortcutName": "HairyWallet",
    "include": "build/installer.nsh",
    "deleteAppDataOnUninstall": false,
    "runAfterFinish": true,
    "menuCategory": true,
    "artifactName": "${productName}-Setup-${version}.${ext}"
  },
  "portable": {
    "artifactName": "${productName}-Portable-${version}.${ext}"
  },
  "mac": {
    "target": ["dmg", "zip"],
    "icon": "build/icon.icns",
    "category": "public.app-category.finance",
    "hardenedRuntime": true,
    "gatekeeperAssess": false,
    "entitlements": "build/entitlements.mac.plist",
    "entitlementsInherit": "build/entitlements.mac.plist"
  },
  "dmg": {
    "contents": [
      {
        "x": 130,
        "y": 220
      },
      {
        "x": 410,
        "y": 220,
        "type": "link",
        "path": "/Applications"
      }
    ],
    "window": {
      "width": 540,
      "height": 380
    }
  },
  "linux": {
    "target": ["AppImage", "deb", "rpm"],
    "icon": "build/icons",
    "category": "Finance",
    "maintainer": "HairyWallet <info@hairywallet.com>",
    "vendor": "HairyWallet",
    "synopsis": "Tu wallet de Solana para escritorio"
  },
  "appImage": {
    "artifactName": "${productName}-${version}.${ext}"
  },
  "deb": {
    "depends": ["gconf2", "gconf-service", "libnotify4", "libappindicator1", "libxtst6", "libnss3"]
  },
  "publish": null
}
